,Minimum wage,Annual,Annual,Workweek (hours)[4],Hourly,Hourly,Percent of GDP per capita[5],Effective per
,Minimum wage,Nominal (US$)[6],PPP (Int$)[7],Workweek (hours)[4],Nominal (US$)[8],PPP (Int$)[9],Percent of GDP per capita[5],Effective per
Country,,,,,,,,
"('Afghanistan',)","؋5,500 (US$70) per month for non-permanent private sector (Afs. 66,000 per annum). The minimum wage for permanent government workers was ؋6,000 (US$76.3) per month (Afs. 72,000 per annum). There was no minimum wage for permanent workers in the private sector.[10]",858.0,3272.0,40,0.41,1.57,168.3%,2017
"('Albania',)","L39,086.94 (US$471) per month (480,000 lek per annum). The law establishes a 40-hour workweek, but the actual workweek is typically set by individual or collective-bargaining agreement.[10][11][12][13]",4637.0,8697.0,40,2.23,4.18,75.4%,1 Apr 2023
"('Algeria',)","د.ج 20,832.45 (US$156.19) per month, nationally (DA 240,000 per annum).[14][15]",1777.0,6247.0,40,0.85,3.0,41.6%,1 May 2020
"('Andorra',)",€7.7 (US$8.33) hourly.[16],18253.0,13493.0,40,8,6.0,28%,1 Jan 2023
"('Angola',)","Kz 32,181 (US$61) per month; paid thirteen times a year (Kz. 418,353 per annum)[17][18]",663.0,3161.0,44,0.29,1.38,49%,2022
"('Antigua and Barbuda',)",EC$8.2 per hour (US$3.03).[10][19][20],6317.0,7788.0,40,3.04,3.74,34.4%,1 Nov 2014
"('Armenia',)","֏ 75,000 (US$190) per month.[10][21]",1787.0,4567.0,40,0.86,2.2,51.7%,15 Nov 2022
"('Australia',)","Most workers are covered by an award, which may vary by employee age, geographical location and industry. Workers receive mandatory employer loadings such as penalty rates or leave loading. Minimum wages are set federally by the Fair Work Commission. For those 21 and older, not covered by an award or other instrument, (as of July 1, 2024) - the minimum wage is $A 915.90 (US$622.17) per week, or $A 24.10 (US$16.37) per hour.[22] Casual workers are paid a loading of typically 25%, resulting in a minimum of A$28 (US$18) per hour for those workers. Workers under 21, apprentices and trainees not covered by an award, have minimum wages set at a percentage of the ordinary rate.[23] For those under 16, this is 36.8% or A$7.87 (US$5.25) per hour; $A 9.83 (US$6.56) with the casual loading.[24]",35810.0,29767.0,38,18.12,15.06,64.7%,1 July 2024
"('Austria',)","None: National collective bargaining agreements set minimum wages by job classification for each industry and provide for a minimum wage of €1,200 (US$1419) per month[dubious – discuss]. Wages where no such collective agreements exist, such as for domestic workers, janitorial staff and au pairs, are regulated by relevant legislation and are generally lower than those covered by collective bargaining. The national minimum wage legislation has lapsed, although is still in force by convention.[25][10]",,,40,,,,2017
"('Azerbaijan',)",₼345 (US$203) per month.,2435.0,11829.0,40,1.17,5.69,68.5%,5 Jan 2023[26]
"('The Bahamas',)","B$5.25 (US$5.25) per hour, B$42 (US$42) per day, and B$210 (US$210) per week.[10][27][28]",10920.0,9579.0,40,5.25,4.61,42.5%,15 Aug 2015
"('Bahrain',)",None; .د.ب 300 (US$800) for the public sector workers (only applies to Bahraini nationals).[10],,,48,,,,2017
"('Bangladesh',)","৳1,500 (US$13) per month for all economic sectors not covered by industry-specific wages; in the garment industry the minimum wage raised to ৳8,000 (US$67) per month since 1 Dec 2018,[29] rising to ৳12,500 (US$106.40) per month on 1 Dec 2023.[30] The minimum wage is set nationally every five years by the National Minimum Wage Board in a tripartite forum industry by industry.[10][18][31][32][33]",212.0,564.0,48,0.08,0.23,15.8%,1 Dec 2013
"('Barbados',)",Bds$ 10.5 (US$5.25) per hour for general minimum wage rates. Bds$ 11.43 (US$5.71) per hour for security guards. [34],10920.0,8878.0,40,5.25,4.27,49.1%,1 June 2025
"('Belarus',)",Br 554 (US$122) per month.[35],0.0,1.0,40,0,0.0,0%,1 Jan 2023
"('Belgium',)","€2,029.88 (US$2401) per month.[36][18][37]",28809.0,27680.0,38,14.58,14.01,59.6%,1 April 2024
"('Belize',)",BZ$5 (US$2.48) per hour.[10][38][39],5850.0,10263.0,45,2.5,4.39,121.3%,22 July 2022
"('Benin',)","CFA 52,000 (US$86.12) per month;[40] the government set minimum wage scales for a number of occupations.[18][41]",865.0,2149.0,40,0.42,1.03,99.1%,1 Jan 2023
"('Bhutan',)","Nu. 3,750 per month.[10][42][43]",609.0,2020.0,40,0.29,0.97,22.7%,1 Feb 2014
"('Bolivia',)","Bs. 2,500 (US$362) per month.[44] plus an obligatory Christmas bonus equal to one month's pay, prorated for the amount of time the worker has worked in their present position. Plus a second Christmas Bonus if the government decries the economy grew enough, plus an extra month paid in May if the company made a profit for the previous year.[45][46]",4703.0,9448.0,48,1.88,3.79,130.6%,1 May 2024
"('Bosnia and Herzegovina',)",KM 543 (US$269) net per month.[47],3949.0,8044.0,40,1.9,3.87,66.1%,2022
"('Botswana',)","P 7.34 (US$0.62) an hour for most full-time labour in the private sector; P 1,786 (US$152) per month.[48]",1933.0,4051.0,48,0.77,1.62,23.9%,2022
"('Brazil',)","R$1,518 per month (US$265.04), paid 13 times a year.[49] The Brazilian minimum wage is adjusted annually by the federal government, but each Brazilian state has the option to either follow the national minimum wage or to set its own minimum wage, which cannot be lower than the federal minimum wage. In 2022, five states (RS, SC, PR, SP and RJ) decided to stick with the latter option in order to have higher state minimum wages.[50]",3661.0,9011.0,44,1.6,3.94,59.6%,1 Jan 2025
"('Brunei',)",None[10],,,,,,,2017
"('Bulgaria',)","лв. 1,077 (€550) per month, лв. 6.49 (€3.32) per hour.[36][51][52]",8181.0,17999.0,40,3.93,8.65,93.5%,1 Jan 2025
"('Burkina Faso',)","CFA 34,664 (US$59) per month.[10][53]",750.0,1905.0,40,0.36,0.92,107.6%,1 Apr 2012
"('Burundi',)","None; in the past the government set the minimum wage, but during the year the minimum wage was set by market forces.[10][41]",,,40,,,,2017
"('Cambodia',)","៛ 818,800 (US$200) per month, for the textile and shoe industries.[54][10][18][55]",,,48,,,,3 Oct 2023
"('Cameroon',)","CFA 36,270 (US$62) per month.[10][56]",785.0,1819.0,40,0.38,0.87,50.4%,30 July 2014
"('Canada',)",The minimum wage in Canada is set federally and by each province and territory; ranges from CA$13 to CA$16 (US$9.69 to US$11.93) per hour. The minimum wage calculated here is a weighted average based on the relative population in each province.[10][57][58],24128.0,22176.0,40,11.6,10.66,49.5%,1 June 2022
"('Cape Verde',)",13.000$00 (US$141) per month.[59][60],1673.0,3414.0,44,0.73,1.49,52.1%,1 Jan 2018
"('Central African Republic',)","FCFA 35,000 per month, FCFA 218.75 per hour.[61][62]",821.0,1539.0,40,0.39,0.74,220.3%,2011
"('Chad',)","FCFA 59,995 (US$110) per month, FCFA 355 (US$0.60) per hour.[10][63][64]",1298.0,3484.0,39,0.64,1.72,175%,18 Oct 2011
"('Chile',)","CL$529,000 (US$553 per month for workers aged 18–65; or CL$394,622 (US$412) per month for workers younger than 18 and older than 65; and CL$340,988 (US$356) per month for 'non remunerative' purposes.[65]",8364.0,13949.0,44,3.66,6.1,60.1%,1 May 2025
"('China',)","The minimum wage in China is set locally; ranges from CN¥ 1,620 (US$222.75) per month, or CN¥ 16.1 (US$2.21) per hour in Guangdong(Lowest Region); to CN¥ 2,690 (US$369.88) per month, or CN¥ 24 (US$3.30) per hour in Shanghai.[18][66][67]",3014.0,5049.0,40,1.45,2.43,32.5%,1 Jan 2025
"('Colombia',)","COL$1,423,500 + COL$200,000 by transportation subsidy (US$350) per month[68]",5638.0,15388.0,48,2.26,6.17,108.7%,1 Jan 2025
"('Comoros',)","CF 55,000 (US$129) per month.[10]",1587.0,3037.0,40,0.76,1.46,199.5%,2017
"('Democratic Republic of the Congo',)","FC 1,680 (US$1.83) per day.[10][69]",220.0,741.0,45[70],0.09,0.32,92.4%,1 Jan 2009
"('Republic of the Congo',)","FCFA 90,000 (US$170) per month in the formal sector.[10]",1948.0,3663.0,40,0.94,1.76,64.1%,2017
"('Costa Rica',)","Varies for specified industries from ₡11,953.65 (US$23.21) per 8-hour work day for all workers to ₡15,613.91 (US$30.32) per day for specialized workers. All other occupations not explicitly covered fall under the generic scale, which varies from ₡358,609.5 (US$696.42) per month for unskilled workers to ₡765,985.67 (US$1,487.54) per month for licentiates.[71]",6932.0,11530.0,48,2.78,4.62,69.4%,1 Jan 2024
"(""Côte d'Ivoire"",)","Varies by occupation, with the lowest set to CFA 60,000 (US$120) per month for the industrial sector; a slightly higher minimum wage rate is applied for construction workers.[10][72][73]",792.0,1868.0,40,0.38,0.9,50.6%,2013
"('Croatia',)",€840 (US$900) per month.,1585.0,2520.0,40,0.76,1.21,10.8%,1 Jan 2024
"('Cuba',)","$MN2,100 (US$6.66) per month.[74][75] Each citizen is however also given free food to supplement the salary.",44.0,669.0,48,0.44,0.74,0.4%,2021
"('Cyprus',)","None; €870 (US$1,006) per month for shop assistants, nurses' assistants, clerks, hairdressers, and nursery assistants; it rises to €924 (US$1,069) after six months' employment. For asylum seekers working as unskilled workers in the agricultural sector, the minimum monthly wage was €425 (US$570) with accommodation and food provided. For skilled workers in the agricultural sector, the minimum salary was €767 (US$1,040) without accommodation and food.[10]",,,48,,,,2017
"('Czech Republic',)","Czech Republic monthly minimum wage 20,800 czy (850 dollars)",9959.0,15119.0,40,4.79,7.27,43.5%,1 Jan 2025
"('Denmark',)","None; instead, negotiated between unions and employer associations; the average minimum wage for all private and public sector collective bargaining agreements was approximately kr. 110 (nominally US$16) per hour, exclusive of pension benefits.[10][76]",,,37.5,,,,2017
"('Djibouti',)","None; cancelled by the 2006 Labor Code for occupational categories, establishing that wages be set after common agreement between employers and employees. For public sector workers, minimum wage was Fdj35,000 (US$198) per month.[10][77]",,,48,,,,2017
"('Dominica',)",EC$4 (US$1.50) per hour.[10][78][79],3081.0,4223.0,40,1.48,2.03,38.6%,1 June 2008
"('Dominican Republic',)","RD$8,310 (US$166) per month in the FTZs and between RD$9,412 (US$188) and RD$15,448 (US$309) outside the FTZs, depending upon the size of the company; RD$5,884 (US$117) per month for the public sector; RD$320 (US$6) a day for farm workers who are covered by minimum wage regulations based on a 10-hour day, with the exception of sugarcane workers who received RD$146 based on an eight-hour workday.[10][80][81]",2613.0,6704.0,44,1.14,2.93,44.1%,2021
"('Ecuador',)","US$594 per month (including mandatory 13th and 14th salaries, minimal 15 days vacation period per year and mandatory reserve funds after one year of continuous work). The minimum wage set by the government for 2025 is $470 per month without social benefits. Workers receive mandatory 13th and 14th salaries, paid vacations and reserve funds equal to an additional salary after one year of continuous work.[82]",7124.0,11679.0,40,3.43,5.61,103.9%,1 Jan 2025
"('Egypt',)","None; The minimum wage of public sector is LE 6,000 (US$118.4) per month.[83] The private sector (There are certain grace periods in certain industries such as tourism, retail, and clothing.) is LE 7,000 (US$138.1) per month.[84]",,,42,,,,May 2024
"('El Salvador',)",The minimum wage was set by the government at US$304.17 monthly in 2018.[10][18][85],3650.0,7019.0,44,1.6,3.07,81.5%,1 Jan 2018
"('Equatorial Guinea',)","FCFA 129,035 (US$224) per month.[10]",2792.0,4479.0,48,1.12,1.79,17.2%,2017
"('Eritrea',)",None; Nfk 360 (US$23.3) per month in the public sector.[10],,,44.5,,,,2017
"('Estonia',)","€725 (US$857) per month, or €4.30 (US$5.09) per hour.[86][18]",10578.0,14662.0,40,5.09,7.05,49.3%,1 Jan 2023
"('Eswatini',)",E 531.6 (US$76.50) per month for a domestic worker; E 420 (US$60.50) a month for an unskilled worker; E 600 (US$86.50) a month for a skilled worker.[77],694.0,1128.0,48,0.33,0.54,19%,2011
"('Ethiopia',)","None; some government institutions and public enterprises set their own minimum wages: public sector employees, the largest group of wage earners, earned a monthly minimum wage of Br 420 (US$21); employees in the banking and insurance sector had a minimum monthly wage of Br 336 (US$18).[10]",,,48,,,,2017
"('Federated States of Micronesia',)","None; US$2.65 per hour for employment with the national government; all states have a minimum hourly wage for government workers: US$2.00 in Pohnpei, US$1.25 in Chuuk, US$1.42 in Kosrae, and US$1.60 in Yap; US$1.75 for private sector workers in Pohnpei.[10]",,,40,,,,2015
"('Fiji',)",FJ$2.68 per hour.[87][88],4823.0,7800.0,48,1.93,3.13,85.6%,December 2024
"('Finland',)","None; however, the law requires all employers, including non-unionized ones, to pay minimum wages agreed to in collective bargaining agreements; almost all workers are covered under such arrangements.[10]",,,40,,,,2017
"('France',)","The monthly minimum wage in France is 1801€, that is, 11.88€ per hour.",25572.0,24852.0,35,14.05,13.66,60.1%,1 Jan 2025
"('Gabon',)","FCFA 150,000 (US$255) per month; government workers received an additional monthly allowance of FCFA 20,000 (US$34) per child; government workers also received transportation, housing, and family benefits; the law does not mandate housing or family benefits for private sector workers.[10][89]",3246.0,4865.0,40,1.56,2.34,26.9%,1 Feb 2010
"('The Gambia',)",D 50 (US$1.25) per day.[10],253.0,958.0,48,0.1,0.38,57.1%,2017
"('Georgia',)","₾20 (US$8) per month for private sector workers which has remained unchanged since the early 1990s but is not applied in practice; ₾115 (US$48) per month for public employees;[10] ₾1,260 (US$478) for doctors and ₾792 (US$301) for nurses working in clinics involved in the state's universal healthcare program.[90]",93.0,353.0,40,0.04,0.17,3.5%,2017
"('Germany',)","The monthly minimum wage in Germany is 2051€ that is, 12.82€ per hour.",31537.0,32127.0,40[91],15.16,15.45,65.8%,1 Jan 2025
"('Ghana',)",₵18.19 (US$1.2) per day.[18][92],814.0,3307.0,40,0.39,1.59,77%,1 Jan 2024
"('Greece',)","€968 (US$1145) per month in 12 payments, €830 (US$982) per month in 14 payments.[93]",13738.0,17082.0,40,6.6,8.21,63.8%,1 Apr 2024
"('Grenada',)","Minimum wage schedules set pay by occupation; for example, the minimum wage for domestic workers, for example, was EC$4.5 per hour, while that for a security guard was EC$8 per hour.[10]",,,40,,,,2017
"('Guatemala',)","Q 81.87 (US$10.9) per day for agricultural and nonagricultural work and Q 74.89 (US$10) per day for work in export-sector regime factories. Minimum wage earners also are due a mandatory monthly bonus of Q 250 (US$33), and salaried workers receive two mandatory yearly bonuses (the bono 14 and the Christmas bonus), each equivalent to one month's salary.[10][18]",3924.0,6974.0,48,1.57,2.79,87.8%,1 Jan 2016
"('Guernsey',)",£8.70 stg per hour (US$11.60) for those aged 18+ £8.25 per hour (US$11.00) for those aged 17–18.[94],,,,,,,1 Jan 2021
"('Guinea',)","The labor code allows the government to set a minimum hourly wage; however, the government has not exercised this provision except for setting the minimum wage for domestic workers at FG 440,000 (US$62) per month.[10]",,,48,,,,2017
"('Guinea-Bissau',)","CFA 19,030 (US$30) per month plus a bag of rice[95]",412.0,935.0,45,0.18,0.4,58.1%,2017
"('Guyana',)","GY$35,000 (US$168) per month, or GY$1,616 (US$7) per day, or GY$202 (US$1) per hour.[96]",2015.0,3204.0,40,0.97,1.54,40.9%,1 July 2013
"('Haiti',)",G 290 per day for servants for an eight-hour workday; G 400 per day for segment A industries; G 350 per day for segment B industries; G 290 per day for segment C industries; G 350 per day for companies with piece work that re-export; and G 350 per day for companies with piece work that exports.[97][10][98][99][100],1014.0,3194.0,48,0.41,1.28,179.1%,1 Aug 2017
"('Honduras',)","Minimum wages ranged from a low of L 8,134.08 per month, L 50.83 per hour to L 16,856.24 per month, L 105.35 per hour.[10][18][101]",4842.0,9898.0,44,2.12,4.33,209%,1 Jan 2024
"('Hong Kong',)",HK$40 (US$5.1) per hour is the minimum wage in Hong Kong.[102],10708.0,12899.0,40,5.15,6.2,22%,1 May 2023
"('Hungary',)","232,000 Ft (US$765) per month for unskilled labor, 296,400 Ft (US$978) per month for skilled labor.[103]",9184.0,18636.0,40,4.42,8.96,69.8%,1 Jan 2023
"('Iceland',)","Unlike the other Scandinavian countries, minimum wages are negotiated in various collectively bargained agreements and applied automatically to all employees in those occupations, regardless of union membership; while the agreements can be either industry- or sector-wide, and in some cases firm-specific, the minimum wage levels are occupation-specific.[10][36]",,,40,17.45,,,"3 Dec 2022 (conversion rate, 1 Sep 2023)"
"('India',)","Though stipulated by law, it varies from ₹160 (US$2.16) per day in Bihar, to ₹348/day (US$4.7) in Mumbai (2017),[104] to ₹750 (US$10) per day in Kerala. State governments set a separate minimum wage for agricultural workers.[10] The minimum wages are set according to Minimum Wages Act, 1948.[105]",674.0,2498.0,48,0.27,1.0,38%,2015
"('Indonesia',)","Established by provincial and district authorities, which vary by province, district, and sector; the lowest minimum wage is in the province of Yogyakarta at Rp 1,704,608 (US$121) per month and the highest is in Jakarta at Rp 4,276,349 (US$303) per month.[18][106]",2449.0,7028.0,40,1.18,3.38,60.5%,1 Feb 2020
"('Iran',)","7,308,284 tomans (equal to ﷼94,661,840), and to US$145 as of 2024) per month effective on the 2024 Persian New year (﷼1,135,942,080 per annum);[107] set annually for each industrial sector and region. The standard workweek is 44 hours, and any work over 48 entitles the worker to overtime.[10]",1747.0,2029.0,44[108],0.76,0.89,11%,20 Mar 2024
"('Iraq',)","د.ع 250,000 (US$214) per month.[10]",2069.0,5222.0,40,0.99,2.51,30.1%,2014
"('Ireland',)","€12.70 (US$14.2) per hour, with sub-minimal rates for those aged 19 €11.43 (90% minimum), aged 18 €10.16 (80% minimum) and for those under the age of 18 €8.89 (70% of minimum)[109] Eurostat calculates the monthly rate for Ireland as (hourly rate x 39 hours x 52 weeks) / 12 months.[110]",28302.0,23930.0,39,13.96,11.8,33.5%,1 Jan 2024
"('Isle of Man',)",£8.25 stg per hour (US$10.18) for those aged 18+ £6.15 per hour (US$7.59) for those aged under 18 £7.30 per hour (US$9.01) for development workers.[111],,,,,,,1 Oct 2019
"('Israel',)","₪6,247.67 ILS (US$1934) per month; or ₪34.32 ILS (US$10.63) per hour.[112]",23211.0,16962.0,42,10.63,7.77,45.5%,1 Apr 2025
"('Italy',)",None; instead set generally through collective bargaining agreements on a sector-by-sector basis.[10][113],,,40,,,,2019
"('Jamaica',)","J$325 (US$2) per hour.[114] J$52,000 (US$343) per month",4461.0,8476.0,40,2.14,4.08,96.1%,1 Apr 2023
"('Japan',)","Ranges from ¥951–¥1,163 per hour (US$6.56-US$8.02); varies on a prefectural and industry basis.[115][116]",18024.0,18461.0,40,8.67,8.88,43.7%,1 Nov 2024
"('Jersey',)",£8.32 stg per hour (US$10.27) for those aged 18+ £7.28 stg per hour (US$8.99) for trainees year 2. £6.02 stg per hour (US$7.43) for trainees year 1.[117],,,,,,,1 Apr 2020
"('Jordan',)",minimum wage 290 JOD ($409) per month,5408.0,11636.0,48,2.17,4.66,128.6%,1 Jan 2025
"('Kiribati',)","$A 1.30 per hour for local businesses and companies, while the minimum wage for overseas-funded projects is $A 3.00 an hour[10][118]",2033.0,2731.0,40,0.98,1.31,129.5%,1 Nov 2016
"('North Korea',)","Averaging ₩5,000 – 10,000 (US$5.5 – US$11.1) per day.[119]",,,,,,,2014
"('South Korea',)","₩9,620 (US$7.29 as of 2 Feb 2023) per hour is the nominal minimum wage in South Korea.[120]",20990.0,23922.0,40,10.09,11.5,65.5%,1 Jan 2023
"('Kosovo',)",€170 (US$224) per month for workers between 35 and 65 years of age; €130 (US$150) for workers under 35 years of age.[10][121],2413.0,5667.0,40,1.16,2.72,56.3%,17 Aug 2011
"('Kuwait',)",د.ك 60 (US$216) per month.[10][122],2400.0,3600.0,48,0.96,1.44,4.8%,14 Apr 2010
"('Kyrgyzstan',)","KGS 2,460 (US$28) per month, nominally; used for administrative purposes. Will be raised to 2,865 som in 2025.[123]",349.0,1427.0,40,0.17,0.69,40.2%,1 Jan 2024
"('Laos',)","₭800,000 (US$100) per month; additionally, employers were required to pay a ₭30,000 (US$3.74) meal allowance per day. The minimum wage for civil servants and state enterprise employees was last increased to ₭1,400,000 (US$170) per month.[10][124][125]",1732.0,5180.0,48,0.69,2.08,79.1%,2014
"('Latvia',)",€740 (US$999) per month.[126],10502.0,15579.0,40 [126],5.05,7.49,60.9%,1 Jan 2023
"('Lebanon',)","ل.ل 18,000,000 (US$200) per month, doubling the minimum wage of ل.ل 9,000,000 set the year before, on 18 Apr 2023.[10][127]",5373.0,8947.0,48,2.15,3.58,62.5%,1 Apr 2024
"('Lesotho',)","M 1,178 (US$102) per month to M 1,285 (US$112) per month; varied by sector.[10]",956.0,3027.0,45,0.41,1.29,102.6%,2014
"('Liberia',)","L$15 (US$0.31) per hour not exceeding 8 hours per day, excluding benefits, for unskilled laborers; L$5,600 (US$114) per month for civil servants.[10]",4.0,10.0,48,0,0.0,1.2%,2014
"('Libya',)",ل.د 450 (US$325) per month; the government heavily subsidizes rent and utilities.[10][128][129][130],1169.0,9643.0,40,0.56,4.64,166.2%,1 Mar 2011
"('Liechtenstein',)",None[10],,,48,,,,2014
"('Lithuania',)","€1,038 (US$1228) per month, €6.35 (US$7.51) per hour for unskilled labor.[131]",15621.0,25898.0,40,7.51,12.45,86.7%,1 Jan 2025
"('Luxembourg',)","€2,508.24 (US$2966) per month, €14.50 (US$17.15) per hour for unskilled workers over 18; increased by 20% for a skilled employee; decreased by 20% to 25% in the case of an adolescent worker.[132][36][133][134]",32103.0,26875.0,40,15.43,12.92,26.2%,1 Apr 2023
"('Macau',)","MOP$6,656 (US$833) per month.[135]",9972.0,13584.0,40,4.79,6.53,11.7%,1 Nov 2020
"('Madagascar',)","Ar 133,013.4 (US$30.82) per month, Ar 767.4. per hour for non-agricultural workers; Ar 134,920 (US$31.26) per month, 674.60 Ar. per hour for agricultural workers.[10][18]",376.0,1601.0,41[136],0.18,0.75,106.3%,1 Jan 2015
"('Malawi',)",K687.7(US$0.40) per day.[10][18][137],266.0,1035.0,48,0.11,0.41,88.6%,1 Jan 2016
"('Malaysia',)","RM1,500 (US$336) per month.[138]",4348.0,10843.0,45,1.86,4.63,39.2%,1 May 2022
"('Maldives',)","None; Rf. 3,100 (US$242) per month in the government sector.[10]",,,48,,,,2014
"('Mali',)","CFA 28,465 (US$57), supplemented by a required package of benefits, including social security and health care.[10]",616.0,1560.0,48[139],0.25,0.62,73.4%,2014
"('Malta',)",€792.3 (US$767) per month.[140][141],11245.0,14406.0,40,5.41,6.93,38%,1 Jan 2022
"('Marshall Islands',)",US$2 per hour for government and private sector employees.[10][142],4160.0,3852.0,40[143],2,1.85,95.7%,6 Mar 1986
"('Mauritania',)",UM 25.962 (US$0.71) per hour for general minimum wage rates.[144] UM 24.612 (US$0.67) per hour for the agriculture sector.[145],1473.0,443.0,40[144][145],0.71,0.21,11.5%,2023
"('Mauritius',)","₨ 2,035 (US$56.77) per week for an unskilled worker in the Export Processing Zone(EPZ); ₨ 2,035 per week for an unskilled factory worker outside the EPZ plus a ""salary compensation"" of ₨ 90 per week; set by the government by sector, and increased each year based on the inflation rate. Both categories of workers also benefit from a ""special allowance"" from the revenue agency which means that all full-time workers in Mauritius earn a minimum wage of ₨ 2,250 (US$62.76) per week or ₨ 9,000 (US$251.05) per month [146][147][10]",2538.0,5438.0,45,1.08,2.32,25.8%,2019
"('Mexico',)",Mex$278.8 (US$13.75) per day; Mex$419.88 (US$20.71) per day on the Free Zone of the Northern Border. Day off is paid according to Mexican labor legislation so the total amount of paid hours is 56 (Art. 69) [148],5020.0,10065.0,48,2.01,4.03,58.3%,2025
"('Moldova',)","MDL 4,000 (US$222) per month in the private sector.[149]",2715.0,6997.0,40,1.31,3.36,131.2%,1 Jan 2023
"('Monaco',)","€1,779.82 (US$2105) per month, or €10.53 (US$12.45) per hour; same as the French minimum wage, plus a 5% adjustment.[150]",24092.0,,39,11.88,,17%[151],1 Jan 2019
"('Mongolia',)","₮792,000 (US$229) per month.[152]",3336.0,11443.0,40,1.6,5.5,93.4%,1 Apr 2025
"('Montenegro',)",€450 (US$511) netto per month.[10][153],6387.0,12558.0,40,3.07,6.04,71.2%,1 Jan 2022
"('Morocco',)","MAD 3,500 (US$349) per month[154] in public sector, MAD 3,111 (US$310) per month in private sector,[155] 84.37 Dh, (US$8.42) per day for agricultural workers.[156]",3997.0,8556.0,44[157],1.75,3.74,108.9%,1 July 2015
"('Mozambique',)","Set for Eight different economic sectors; ranges from MT 4,941.68 (US$78) per month in the public sector, to MT 17,881.32 (US$281) per month in the financial sector.[158][10][18]",906.0,2992.0,40,0.44,1.44,245.9%,1 April 2024
"('Myanmar',)","K 3,600 per day, K 450 per hour.[10][159][160]",691.0,3011.0,44,0.3,1.32,52.6%,1 Sep 2015
"('Namibia',)","None; the mining, construction, security and agricultural sectors set basic levels of pay through collective bargaining.[10]",,,45,,,,2014
"('Nauru',)","None; there is a graduated salary system for public service officers and employees, none for private-sector workers.[10]",,,40[161],,,,2014
"('Nepal',)","रू 15,000 (US$126.98) per month[162]",1524.0,4913.0,48,0.61,1.97,198.3%,July 2021
"('Netherlands',)","€2,437.07 (US$2882) per month, and €14.06 (US$16.63) per hour for persons 21 and older; between 30–80% (as low as €4.22 per hour) of this amount for persons aged 15–20.[163] An additional holiday allowance of 8% of the annual wage is paid in May or June, prorated for the time worked in the year.",34588.0,32859.0,40[164],16.63,15.8,65%,1 Jan 2025
"('New Zealand',)","$NZ 23.50 (US$14.23) per hour for workers 18 years old or older, and $NZ 18.80 (US$11.38) per hour for those aged 16 or 17 or in training; there is no statutory minimum wage for employees who are aged 15 years or under.[165]",34667.0,29805.0,40,16.67,14.33,77.3%,1 Apr 2025
"('Nicaragua',)","Set for nine different economic sectors; ranges from C$5,721 (US$155) per month in the agricultural sector to C$12,803 (US$348) per month in the financial sector.[166]",1506.0,4704.0,48,0.6,1.88,84.9%,1 Mar 2024
"('Niger',)","CFA 30,047 (US$60) per month.[10][18]",650.0,1633.0,40,0.31,0.78,165.5%,17 Aug 2012
"('Nigeria',)","₦70,000 per month (following the recent devaluation of the naira has fallen to US$44.28).[167] However, workers who meet the following conditions are exempt from the minimum wage:[168] Part-Time and Commission-Based Employees Businesses with fewer than 25 employees Seasonal Workers: Employees Maritime and Aviation Employees Domestic Workers",2103.0,6793.0,40,1.01,3.27,115.9%,1 May 2024
"('North Macedonia',)","ден 22,146, (US$406) gross per month.[169][170][171]",2418.0,5488.0,40,1.16,2.64,36.7%,1 Apr 2021
"('Northern Cyprus',)","₺24,000. (US$795 as of 19 Jan)",,,40,,,,1 Jan 2024
"('Norway',)","None; wages normally fall within a national scale negotiated by labor, employers, and local governments.[10]",,,37.5,,,,2014
"('Oman',)",ر.ع. 225 (US$592) per month plus allowances of ر.ع. 100 (US$263) per month for citizens; does not apply to foreign workers.[10][172],10263.0,19500.0,45,4.39,8.33,42.5%,1 July 2013
"('Pakistan',)","₨17,500 (US$107) per month.[10][18][41]",1289.0,6546.0,48,0.52,2.62,125%,1 June 2016
"('Palau',)",US$3.00 per hour; does not include foreign workers.[10][173],6240.0,6638.0,40[174],3,3.19,40.7%,1 Oct 2014
"('Palestine',)","₪1,880 ILS (US$582) per month;[175][176][177]",6985.0,,45,2.98,,,2022
"('Panama',)","B/.1.53 to B/.4.45 (US$1.53 – US$4.45) per hour, depending on region and sector. Food and the use of housing facilities were considered part of the salary for some workers, such as domestic and agricultural workers. Salaries for domestic workers ranged from B/.250 to B/.275 (US$250-US$275) per month. The agricultural and construction sectors received the lowest and highest minimum wages, respectively.[10][178][179]",3819.0,6473.0,48,1.53,2.59,28.1%,1 Jan 2018
"('Papua New Guinea',)",K 3.2 (US$1) per hour.[10][180],2086.0,2795.0,44[181],0.91,1.22,66.8%,1 Aug 2014
"('Paraguay',)","2,798,309 ₲ (US$363) per month; The law discriminates against domestic workers, who are legally entitled to only 40 percent of the minimum wage. The law mandates that housing and food be counted towards domestic worker's salary.[10][18][182]",4957.0,12926.0,48,1.99,5.18,135.1%,1 July 2024
"('Peru',)","S/.1,025 (US$244) per month.[183]",3170.0,7069.0,48,1.27,2.83,54.3%,1 June 2022
"('Philippines',)",Ranges from ₱386 (US$6.02) daily non-agricultural wage in Bangsamoro to ₱695 (US$11.57) daily non-agricultural wage in Metro Manila.[184][185],3405.0,8302.0,40[186],1.64,3.99,106.4%,18 July 2025
"('Poland',)","4,666zł (US$1209) per month, or 30.5zł (US$7.9) per hour is the minimum wage in Poland.[187][18]",14506.0,29783.0,40,6.97,14.32,108.8%,1 Jan 2025
"('Portugal',)","€956.66 per month (US$828) in 12 payments; €820 per month (US$710) in 14 payments for full-time workers, rural workers, and domestic employees ages 18 and older.[188][36]",11638.0,14471.0,40,5.6,6.96,47.2%,1 Jan 2024
"('Qatar',)","Minimum wage in Qatar is 8,800 Qar 2,415 USD per month",,,48,,,,2025
"('Romania',)","RON 4,050 (US$915) per month; else RON 24.55 (US$5.5) per hour for a full-time schedule of 165 hours per month is the minimum wage in Romania.[189]",11683.0,25714.0,40,5.62,12.36,111.7%,1 Jan 2025
"('Russia',)","22,440₽ (US$288,13) (Federal, in some territories more, for example, 32,916₽ (US$422,68) in Moscow)[190]",3656.0,10823.0,40,1.76,5.2,43.7%,1 Jan 2025
"('Rwanda',)","None; ranges from FRw 500 to FRw 1,000 (US$0.83 to US$1.66) per day in the tea industry and FRw 1,500 to FRw 5,000 (US$2.50 to US$8.30) per day in the construction industry.[10]",,,45,,,,2013
"('Saint Kitts and Nevis',)",EC$9 per hour.[10][191][192],6933.0,9087.0,40[193],3.33,4.37,34.4%,1 Nov 2014
"('Saint Lucia',)",Minimum wage for some sectors; EC$300 (US$111) per month for office clerks; EC$200 (US$74) for shop assistants; EC$160 (US$59) for messengers.[10],,,40,,,,2013
"('Saint Vincent and the Grenadines',)","Set sector by sector; for example, EC$56 ($20.74) per day for agriculture workers (shelter not provided); EC$40 (US$14.81) per day for industrial workers; and EC$25 per day for household domestic workers.[10][194][195]",2407.0,3351.0,40,1.16,1.61,29.2%,1 July 2008
"('Samoa',)",WS$2 (US$0.89) per hour for the private sector; WS$2.65 (US$1.18) for the public sector.[10],1625.0,2237.0,40,0.78,1.08,35.1%,2012
"('San Marino',)",€1501.49 (US$1735) per month; or €9.24 (US$10) per hour for the lowest paying industry[196][10][197],21310.0,23400.0,37.5[198],10.93,12.0,38.4%,1 Jan 2017
"('São Tomé and Príncipe',)","None; Db 750,000 (US$40) per month for civil servants[77]",,,,,,,2013
"('Saudi Arabia',)","ر.س 4,000 (US$1066,66) per month for public sector; does not apply to foreign workers. There are no minimum wage in private sector.[10][199]",12800.0,24742.0,48,5.13,9.91,45.5%,2 Feb 2013
"('Senegal',)",CFA 209.1 (US$0.42) per hour for general workers and CFA 182.95 (US$0.37) per hour for agricultural workers.[10][18][200],686.0,1617.0,40,0.33,0.78,63%,1 Jan 1996
"('Serbia',)","din. 53,915 (460eu or $510) monthly.[201]",3610.0,7291.0,40,1.74,3.51,50.2%,1 Jan 2022
"('Seychelles',)",SR 26/70 (US$1.9) per hour for all workers other than casual workers; SR 30/78 (US$2.1) per hour for casual workers.[10][202][203],3282.0,6435.0,40[204],1.58,3.09,22.7%,1 Jan 2014
"('Sierra Leone',)","Le 500,000 (US$57) per month.[10][205][206][207]",575.0,2602.0,40,0.28,1.25,176.2%,1 Jan 2015
"('Singapore',)","None.[10] However, two exceptions: 1) Cleaner jobs to have a minimum wage of S$1,200 (US$860) per month effective July 2019.[208] 2) Security guards to have a minimum wage of S$1,100 ($802) per month effective Sep 2016.[209]",,,44,,,,2019
"('Slovakia',)","€700 (US$828) per month, or €4.03 (US$4.77) per hour.[18][210]",9914.0,15241.0,40,4.77,7.33,50%,1 Jan 2023
"('Slovenia',)",€1203.36 (US$1423) per month.[18][36][211],17079.0,21553.0,40,8.21,10.36,65.9%,1 Jan 2023
"('Solomon Islands',)","SI$4 (US$0.55) per hour for all workers except those in the fishing and agricultural sectors, who received SI$3.2 per hour.[10]",933.0,955.0,45,0.4,0.41,42.7%,1 May 2008
"('Somalia',)",None.[10],,,48,,,,2013
"('South Africa',)","R 23.19 (US$1.34) per hour for all workers, except for Expanded Public Works Programme workers who have a minimum of R 12.75 (US$0.74).[212]",3671.0,10316.0,45,1.57,4.41,78.2%,1 Mar 2022
"('South Sudan',)",None.[213],,,,,,,2011
"('Spain',)","€1,260 (US$1455) per month in 12 payments, €1,080 (US$1277) per month in 14 payments.[214]",17457.0,19946.0,40,8.39,9.59,54.9%,1 Jan 2023
"('Sri Lanka',)","රු.10,000 (US$70.75) per month.The minimum wages are set according to National Minimum Wage of Workers Act, No. 3 of 2016[18]",603.0,2414.0,48,0.24,0.97,19.6%,1 Jan 2016
"('Sudan',)",ج.س. 425 (US$0.95 as of Aug 2021) per month.[215] See Minimum wage in Sudan.,13.0,1087.0,40,0.01,0.52,23%,2013
"('Suriname',)",None; SR$20 (US$0.66) per hour for household domestics and shop assistants; the Ministry of Labour recommends all other sectors use this as the de facto minimum wage. .,,,40,,,,2022
"('Sweden',)","None; in Sweden the law provides for the right of workers to form and join independent unions to bargain wages collectively, and it prohibits antiunion discrimination.[10]",,,40,,,,2017
"('Switzerland',)","As of 2024, three cantons have official minimum salaries: CHF 20.6 (US$22.64) per hour in the canton of Jura; CHF 21.09 (US$23.18) per hour in the canton of Neuchâtel, CHF 24.32 (US$26.73) in the canton of Geneva;[216] the rest of the country has no minimum wage.[217] There are a minority of the voluntary General Labour Contracts (GLC, collective labour agreements), reached on a sector-by-sector basis,[218] contain minimum compensation clauses, which provide for compensation ranging from CHF 2,200 to CHF 4,200 (US$2418 to US$4615) per month for unskilled workers and CHF 2,800 to CHF 5,300 (US$3077 to US$5824) per month for skilled employees.[10] On 18 May 2014, Swiss voters rejected a federal initiative (by 76.3%) that would have enforced GLCs for every sector and set the hourly minimum wage at CHF 22 (US$24.18, or PPP-adjusted US$12.55).[219][220]",,,41.7[221][222],,,,2014
"('Syria',)","£S 9,765 to £S 14,760 (US$6–US$10)(adjusted for inflation) per month, plus benefits, including compensation for meals, uniforms, and transportation.[77]",96.0,2850.0,40,0.4,1.37,54%,2013
"('Taiwan',)","NT$28,590 (c.US$872) per month; NT$190 (US$5.8) per hour is the minimum wage in Taiwan.[223]",11973.0,23432.0,40,5.76,11.27,33.7%,1 Jan 2025
"('Tajikistan',)",,1061.0,5150.0,40,0.51,2.48,172.9%,1 Sep 2025
"('Tanzania',)","Varies by sector from TSh 40,000/= (US$17) per month, to TSh 400,000/= (US$174) per month.[10][18]",209.0,593.0,45[224],0.09,0.25,21.3%,1 July 2013
"('Thailand',)","Ranges from ฿328 to ฿354 (US$9.01–US$9.72) per day and up, depending on the cost of living in various provinces; set by provincial tripartite wage committees that sometimes include only employer representatives.[225]",3733.0,9313.0,48,1.5,3.73,55.1%,1 Jan 2023
"('Timor-Leste',)",US$115 per month.[10][226],1380.0,2123.0,44,0.6,0.93,99.2%,22 June 2012
"('Togo',)","CFA 35,000 (US$70) per month.[10][18]",757.0,1796.0,40,0.36,0.86,120.5%,1 Jan 2012
"('Tonga',)",None[10],,,40,,,,2013
"('Trinidad and Tobago',)",TT$15 (US$2.22) per hour;[227] (US$53) per month,4615.0,5503.0,40,2.22,2.65,16.7%,1 Jan 2015
"('Tunisia',)",For the industrial sector: د.ت 465 (US$166) per month for a 48-hour workweek and د.ت 401 (US$143) per month for a 40‑hour workweek.[228],2000.0,6723.0,48,0.8,2.69,58%,2020
"('Turkey',)","net monthly 22,104₺ (561 dollars)[229]",8040.0,41887.0,45,5.88[230],,,1 January 2025
"('Tuvalu',)","None; the minimum annual salary in the public sector was approximately $A 3,000 to $A 4,000 (US$3,120 to US$4,160).[10]",,,,,,,2013
"('Uganda',)","USh 130,000/= (US$34.58) per month.[10][18][41]",426.0,1298.0,40,0.2,0.62,71.3%,1 July 2017
"('Ukraine',)","₴6,700 (US$183.21) per month,  ₴40.46 (US$1.11) per hour,  annual wage US$2,870[18][231]",2946.0,13604.0,40,1.42,6.54,164.5%,1 July 2023
"('United Arab Emirates',)",No mandated wage.,,,48 (reduced during Ramadan),,,,4 April 2025
"('United Kingdom',)","The minimum wage in the United Kingdom is: £12.21 stg (US$16.73) per hour for those aged 21+ £10.00 (US$13.7) per hour for those aged 18–20  £7.55 (US$10.34) per hour aged under 18, and those aged 19 or over who are in their first year of apprenticeship.[232] Workers under the school leaving age (usually 16, however varies by region) are not eligible for national minimum wage, as well as certain specialised industries and job roles. [233]",34790.0,31746.0,40,16.73,15.26,74.4%,1 Apr 2025
"('United States',)","The federal nationwide minimum wage in the United States is US$7.25 per hour.[234] States may also set a minimum, in which case the higher of the two is controlling; some territories are exempt and have lower rates.[234] As of January 3, 2022, effective state minimum wage rates range from US$7.25 to US$16.66 per hour, with an average of about $12.00 across all minimum wage workers as of 2019.[235][236][237] Local government minimum wages exist as well, the highest of which reach to $17.13 per hour.[238]",15080.0,15080.0,40,7.25,7.25,26.2%,1 Jan 2025
"('Uruguay',)","$U 22,268 (US$507) per month.[239]",6136.0,11405.0,48,2.46,4.57,52.8%,2024
"('Uzbekistan',)","UZS 920,000 (US$71) per month.[240]",1041.0,8591.0,40,0.5,4.13,131.9%,1 June 2022
"('Vanuatu',)","VT 30,000 (US$323) per month, VT 170 per hour.[10][241]",3240.0,3041.0,40,1.56,1.46,98.7%,20 Aug 2012
"('Venezuela',)","The minimum wage in Venezuela is Bs. 400,000 per month, including a food bond the total raises up to Bs. 800,000, which is equivalent to about US$0.86 as 26 Nov 2020.[242][243][244]",10.32,,,,,,1 May 2020
"('Vietnam',)","Varies by region; Region I: ₫4,420,000 per month; Region II: ₫3,920,000 per month; Region III: ₫3,430,000 per month and Region IV: ₫3,070,000 per month.[245]",1591.0,4089.0,40,0.76,1.97,65%,1 Jan 2020
"('Yemen',)","None; the minimum civil service wage was ﷼21,000 ($100) per month.",,,48,,,,2013
"('Zambia',)","Varies by sector; ZMW 993.6 (US$81) per month for domestic workers. Shop workers' minimum wage is ZMW 1,698.6 with transport, lunch and housing allowances inclusive, and wages increasing according to the grades of employees, with the minimum wage of the highest grade in this category being ZMW 3,558.9. In the general workers' category, which includes receptionists and guards among others, the minimum wage for category one workers is ZMW 1,698.6, while the highest category is at ZMW 3,151.61.[246]",596.0,3180.0,48,0.24,1.27,80.8%,10 Sep 2018
"('Zimbabwe',)","None, except for agricultural and domestic workers; government regulations for each of the 22 industrial sectors specify minimum wages. The minimum wage for all mine workers is currently pegged at $227 per month.[119]",,,,,,,2012
